{
    "architecture": "cgnet",
    "seed": 42,
    "lr": 0.001,
    "train_batch_size": 16,
    "pred_batch_size": 16,
    "epochs": 20,
    "fields": {
        "TMQ": {
            "mean": 19.218494415283203,
            "std": 15.817276954650879
        },
        "U850": {
            "mean": 1.5530235767364502,
            "std": 8.29762077331543
        },
        "V850": {
            "mean": 0.2541317045688629,
            "std": 6.231630802154541
        },
        "PSL": {
            "mean": 100814.078125,
            "std": 1461.225830078125
        }
    },
    "labels": [
        "Background",
        "Tropical Cyclone",
        "Atmospheric River"
    ],
    "description": "The basic CGNet model. You can use this config to train your own model, or load it with our trained weights."
}